Agoda,Siemens Digital Industries Software,Canonical,Crossover,Luxoft,EPAM Anywhere,Turing,Linguee Global Solutions,OrangeToolz,Weekend Story (WS),1map Spatial Solutions,2 Perfect Presentation,3S Software,3S Solutions Pvt Ltd Pakistan,,6sense | High Tech Software Agency,7 KINGS CODE,7APP Recruitment,247 GLOBAL RECRUIT,A&T Asia Technology,A1 Marketing India,A1Strategez,A2C Automotive Pvt Ltd,ABS INTERNATIONAL,Absolve Tech,Abzooba,Accelgrowth Technology Pvt Ltd,Accord Innovations,AccuReco Consulting,Acesoft Labs India Pvt. Ltd.,ACMA Computers Ltd.,Acunor Infotech,Ad Astra Consultants,AdelSocial,Adhyatama Teknologi Solusi,Adlytic AI,Adosiz,Affinity Markets,AFIV DATA OUTSOURCING,Aforeserve,Agency Partner Interactive,Agilité,AGLO,AGNI Systems Limited,Ahsan Group Limited,Aiceresoft,Aigent,Ailoitte,AIME: Innovation Without Limits,AirFi,Airmeet,Aiva Labs,Akestech Infotech Private Limited,AKSA-SDS,Alcrucis,Alianza Consultants,ALKAN CIT,Allied Media,AlongX Software,Alpaca Vietnam,Alpha Consortium Ltd.,ALPHACODE,Alto Logica,Altvu,AmaliTech gGmbH,Aman,Amanotes,Amazon Web Services (AWS),Ameex Technologies,American Technology Consulting - ATC,Amicus,Amiecart Technologies,Ampere,Ampsys Consulting Pvt. Ltd,,An4Soft,Anabatic Technologies,Analytics,Andalusia Group for Medical Services,Anfin,Angel One,Angleforx (Transverser Labs Private Limited),Annexacc Software Solutions Ind Pvt Ltd,Anoop Consultancy,Antino,ANVI Software Development Teams,"Aperia Solutions, Inc.",Apidel Technologies,APIK.in,App Ringer,AppCake,,Appiskey,Applied Solar Technologies India P Limited,,AppLogiQ,Apprentus,Appriffy-Digital IT Hub(Your's Hiring & Tech Partner),Apps Business IT Solutions Pvt. Ltd. (ABITS),Appsimity Solutions LLP,Apptomate,Appzlogic,APSIS,Aptean,Aptech Pakistan,ApyHub,AR Trade International,Arachnomesh Technologies Pvt. Ltd.,AreteMinds Technologies Private Limited,Argon Tech Inc,Arihant Web Consultancy,Ark Crew,Arramton Infotech Pvt. Ltd.,Arrow Electronics,Art of Living HR,Artech L.L.C.,ASAP Developers,Ashra Technologies Private Limited,Ashtar Global Solution,Asian Technology Solutions,Aspire,Asti Infotech Pvt Ltd,ATALINK,Ataloud Technologies,ATech Solution,Atmos,Aufait Technologies Pvt. Ltd.,Auki Labs,Aurora Solutions,Autobahn Security,Auxilium.Digital,Availdo Solution,Avaniko Technologies,Avasotech Technology Solutions,Avery Dennison,Awign,AXISCADES,Axisloop Games,Axpara.com,Azure Knowledge Corporation,"B-cause Bangladesh., Ltd.",Babbel,Baliza.io,"BAP IT Co., JSC",Base.vn,BECORPS,Beliani Group,,Beneko,Bernofarm,BerryBytes,BerryPay Group,Bevy Commerce (prev. Aiva Labs),Beyond Eris Solutions,Beyond The Globe,Bhartiya tech IT solutions,BiBox Labs,Big Wings LLC,BigIn,Bikter Tech,,,Billeasy E-Solutions Pvt Ltd.,Bioelite Vert SRL,Biosense Webster,Bit Byte Technology Ltd.,Bitbox,BitHealth,Bitkraft Technologies,Bitsoftsol,BITU,Biz Impulse,Bizzi,Bizzntek Ltd.,Bkav,Blackstraw.ai,Blank-it - Safety in Motion,Blankon Technology Solutions,BlewMinds - Believe. Be. Beyond,Blue Belt Technology,Blue Moon Technologies,BlueCyber Limited Company,Bluepen.co.in,BlueWinds,boAt Lifestyle,Bohiyaanam Talent Solutions,Bombay Play,Bondburry Recruitment,BORN Group,BORN Group,Brainfloss,BrainXero,BRANDED,Brandintellé,brillersys,Briq,BSA Solutions Inc.,Buggy TLC,,Builder.ai,BukuWarung,BuyMore,byPeople Technologies,Byru.id,Bz Consultant,C-Metric,Calcium,Calibyte Private Limited,Cambridge University Press & Assessment,Candela Digital,Canva Solutions,Capgemini Engineering,Captainweb LLP,Capteuro,Careaxiom,CareCloud,CareerBuddy,Careerera,Carro,Cassbana,Catalyst IT,Catena Media,CaterSpot,CBL Solution,Celeb-AI Technologies,Centaurdigital,CentroCDX,CG-VAK Software & Exports Ltd.,CIMB,Cipher Savvy,CitrusBits,Citta,City Greens,Clever Age Vietnam,Clootrack,Cloud Production Ltd,CloudGo,Cloudinfosoft™,Cloudmatic Technologies Pvt. Ltd,cloudpacer,Cloudwapp Technologies PVT. LTD.,CMC Global Company Limited,CO-WELL Asia,CoalMantra Pvt Ltd,Cốc Cốc,Codalien Technologies,Code & Care,Code District,CODE LEAP AG,Code UpScale,codedvlpr,CodeJunkie - Award Winning Agency,CodeMiners,CodeNinja Inc,CodersBrain,,,codevYasa,Codexia Technologies,Codeyoung,Codincity,Coditas,Codmi Technologies Pvt. Ltd.,Codup,codvo.ai,Cognus Technology,CogXR Labs,Coindee,CoinDhan,CoinFloww Exchange,Colan Infotech Private Limited,Collabera Inc.,Collabera Malaysia,Computan,Computer Research (Pvt) Ltd.,Concinnity Media Technologies,Conclase,Conneqt Digital,Consalt,ContentDrips,Contour SoftwareCypress,Conure Telecom Services LLC.,ConverzAI,Convoso,CoPenned,Coppanet Ltd,Corbital Technologies,Cortex Consultants LLC,Cortouch Media,Cradlewise Inc,Createch Global Solutions,createIT.com,Creative Advanced Technologies,Creative Chaos,Credit Wolf Inc.,Crowning Consulting Staffing Agency,Cruze Control Technologies,Culminant Outlook,Cupid Knot,CyberEight,Cyberify,Cybernetic Controls Ltd,CyberPro Consulting (Pty) Ltd,Cybus Solutions Ltd,Cypress,Dalalstreet.ai,Dananda Talent,Data Template,DataguardNXT,Dataminerz Innovative Solutions,Datature,DataVinci Analytics Agency,Datics AI,,,DatumSquare IT Services,dbank,Dc clientech solution Inc,Dcastalia Limited,DEENCONNECT,Deft Recruiter,DEK Technologies,Deliveree On-Demand Logistics,Delphix,DEOS Group,Derivco,Designcrewz Web Studio,Designoo Media,Destar Inc,devcrew,Developer eXperience Hub,,Devinsta,DevioTech,devsinc,DEW SOFTWARE INC,Difisoft JSC,Digicorp - Code to Craft,Digifloat,Diginatives,Digital Envision Australia,Digital Hiring,Digital Impressions,Digital Innovation (Pvt.) Ltd.,Digital Prima (Pvt) Ltd,Digittrix,Dimy Tech,Dione.zone,Disruptive Focus,Diverse Lynx,Divum Corporate Services Pvt Ltd,Diya Interactive,DNG INC.,Docosan,Doctor Anywhere Vietnam,Dolphin Solutions,DonGamers,"Donor Three Sixty, Inc.",Dot & Line,Dote-On,Dr.JOB,Dropezy,Durianpay,Durus Consulting Private Limited,DVT,DXC Technology,Dynamics 360,Dynamite Jobs,DynamoLogic Solutions,Dynapt,Dzentra,Dzine Media,E Qube Digital Services,E-VAS TEL,e.ocean,EastNetic,Easy Work.,Easygop,Eaton,"eBanqo, Inc.",Ebix Cash,Ecera System,ECGiT Private Limited,Ecgit Private LTD,Eclectic Techno-Labs,"ECOM Specialist, LLC",Ecomobi PTE,Edge Synergy Private Limited,EDP Software Limited,EduRun Group,EEStone inc,EEU Software,EGreensIndia,EJADA,Ekfrazo Technologies Private Limited,,Ekoios Technology,Ekosis,Ektos,Elabram Systems,Elgebra,ELife,Elite Talent Solutions,Elixir Technologies,EMAPTA,Embedos Engineering LLP,Emerald Labs,eMercato,emoHR Services,"Emphatic Technologies
",Employment Hero,,Encoder System IT Solution Company,Encoders,EncoreSky Technologies,Engineer Philosophy Web Services Pvt. Ltd.,Enlighten HR Consulting,Enosis Solutions,ENS Enterprise,Enterpro,Enuke Software Pvt Ltd,ENUM,Epsilop,eSales Technologies,Esently,eSkane,Espire Infolabs,Esquare Services,Estate Intel,Estrada International Staffing Solutions,Esya,eteksol,Ether Games,ETRMServices,Eucto,"Euphoric Thought Technologies
",Eurion Consulting,EvaCodes,eVision,EvolvingBits,EWN Bangladesh Limited,Exaudus,EXCEED IT Services,Exclr8 Business Automation,Exec-Tech,Eximus Technologies,Expectoo Nigeria,Expeed Software,Expertia AI,EZ-AD,"EZEU (OPC) INDIA PVT LIMITED
",eZhire,Ezze Technology Ltd,FansFirst Tickets Inc.,FanTiger,Fiber@Home Ltd.,Figgers Global Technology,Fika,Finblox,FindPro,Fingerprint,Finverse,Finz Games,"FIRMINIQ
",First Technology Digital,FITPASS,FlairsTech,Flambé,Fleetio,Flexday Solutions LLC,Flextech,Flyhomes,Folio3 Software,FOO,FPT Telecom,Fram^,FREESIAHR,"FSI Technology., JSC",Fujitsu,Funadiq.com,Funded.club,Funsol Technologies (Pvt). Ltd,Fusionpact Technologies Inc,Gain Impact,GajiGesa,Game Shock,Gameloft,Gameloops,Gateway Group of Companies,Geekers Brain,GeekGarden,Geektrust,Genesis Lab,Genose Diagnostic & Research Laboratory,GEOSPATIAL ACADEMY - GVR,getINNOtized GmbH,Getrosoft,GKIMers VN,Glan Management Consultancy,Glints,GLO MO SOLUTIONS,GLOINNT Solutions Pvt. Ltd.,Glorzient Technologies Pvt Ltd,Gm Infotech,GoComet,Goldon Studios,Goldrush Gaming Group,GOPHERS LAB,Gorewo,Gratitude India,GrayCell Technologies,Greenfield Analytics,,"Group
  Avows",Groupsoft US Inc,GrowSafe Partners & Consultants,"GTECH Information Technology
",Gtech Web Infotech Pvt. Ltd.,GTRTeK,GudangAda,HackCity Tech,HandleException,HArbor Vision,Harry International Private Limited,Hashpays,HawksCode,HazelSoft,"HBL - Habib Bank Limited
",HCL,HCM TEK Inc.,Headhunters Zone,Healthwire,hearX Group,Hermes Semiconductors Pvt Ltd,"heyy,",HiCap Recruitment,High Digital Ltd,Hillcrest Solutions (Private) Limited,Hire Train Retain,Hiring Hunter,HiyaMee,HNR Tech,Hodlpay,HOKYO,Holistics Data,Home Credit,Hoozing Việt Nam,Horizon Digital Pakistan,Horizon Technologies,Hotello,House Of Techies Ltd.,HQ,HR BIZ HUB,HRSOFTBD,HTAUTO Vietnam,HubSpire,HumanLab IT Recruiting,Hunters Hub,Hunters Hub,Huntsmen & Barons,hybytes,HyperBeans Inc,Hyppe,i-Telemetry Technologies Pvt Ltd,IBCS-Primax Software Bangladesh Ltd.,iBCScorp,Ice House,ICS Solutions,"IDC Technologies, Inc.",IDE ASIA,Ideas To Impacts Digital,iEDGE.co,iFarmer,IFIVE Techology Pvt Ltd.,IIIOT Infotech,IK Brand Experts,IKONIC,IKS Logics (Private) Limited,Imarticus Learning,iMarttrends,iMoney Philippines,impactDash,Impetus Consulting,InApps Technology,InArray Indonesia,INBOX,Incsub,INDIGO Tech Recruiters,Indomidas Advertising Pvt. Ltd,Indus Valley Labs (Pvt) Ltd,Industrial IoT Security | Palmchip,Industrybuying.com,Infina.vn,Infinikorn,Infinite Computer Solutions,Infinity Business Solutions,Infinity Pillars,Infinoax,INFOGISTIC (Pvt) Limited,Infosys,InfusAi,Ingenetic Labs,Innovation Groups,Innovation Incubator Advisory,,,Innovative Development Solutions,innOvator web solutions pvt. ltd.,Innover Digital,,Innowrap Technologies,Insharp Technologies (Private)Limited,Intelligenes,Kiash Solutions LLP,Interbiz Consulting Pvt Ltd,Interns World,Intrepid Group Asia,InvoZone,Inxite Out,INZINT,IoT.nxt,IP Infusion,iPlex,ipNX Nigeria Limited,Ippopay,IPS Vantage Tech Services,iQuantile,iQuest Management Consultants,Islamabad Recruitment Company,iSmile Technologies,iSoft Technologies,IT Launchpad Services PVT Limited,iTech Soft Solutions,ITEX Partners,ITFinder Vietnam,ITMAGINATION,ITvia Data Solutions,JALA Academy,JALA Tech,JapaFora,Java R&D Pvt. Ltd.,Javac Technology,Jemi Neil Consulting,Jetline Print on Demand,JGI Consulting,Jhavtech Studios,Jio Health,JioSaavn,Jobberman Ghana,Just Hired Consultancy,Just Information Technology,Kaara,Kabir Securities Limited,Kadel Labs,Kainspire Software and Service Pvt Ltd,KAMEREO,KanhaSoft,Kani Solutions Inc,Kaptech Global,Karyarth,Kazma Technology Pvt. Ltd.,KB Data Systems Indonesia,KDex Global,Keen & Able Computers Pvt Ltd,Kegmil,Kellton,Kennect Inc,Key Cube,Khazana Enterprise,KI Technologies (Pvt.) Ltd,Kiash Solutions LLP,Kilo,KindGeek,Kistpay (Private) Limited,KIT Solutions,Klaus IT Solutions Pvt Ltd,Klikdaily,Kloudeo,"KMS Solutions, Inc.",Knackease,KNG Group LLC.,KNYSYS,,KobGames Studios,KochaSoft,Kodland,Kodsmith Technologies Limited | Kodsmith Private Limited,Kovenantz,KPB Consultants,Kranti Tech Services Pvt. Ltd,Kristal.AI,KrystoSoft,Kvaliteta Systems & Solutions Private Limited,Lads Technologies,Lambda Logics,"LanceSoft, Inc.",LanceTech Solutions,Lanetek Global Services,Langmaster,LARSEN AND TURBON TECHNOLOGY AND SERVICES,LDS Engineers Private Limited,Leads4Needs,Lean Node,Lean Tech,lede,Leed | Software Development Company,Leena AI,Leute Passen,Lincoln Method,"Link Staff Co., Ltd.",LiquidX Studio,lkcareers,LLC,"LMKR
","LnData, INC.",Loma Technology,,Looi Consulting LLC,Lookhype Media Pvt Ltd,Lorven Technologies Inc,Loxvo Technologies,Lucioles,Lukuku,Luneblaze,Lyftrondata,M2P Fintech,M8 IT Solutions Private Limited,Maavan,"mackph
",Madbee Mobility Solutions Pvt Ltd,Magnatec Systems Private Limited,,,Magnon Group,Mahe Technologies Private Limited,Mammoth-AI (LLC),Manabie,Manatal,ManekTech,MangoAds,Maple Tech Space Inc.,maracana SDC Private Limited,Marathon Education,Marketing Tech Solutions,MART2GLOBAL,MarTechs (OPC) Private Limited,Mastek,Masterkey Technologies Ltd.,Maven Workforce,Mavoix Solutions Private Limited,Maxdigitalpro,MBOX Smart Lockers,MEDIA365 LIMITED,MediSage,Megamind IT Solutions,Melior ITS,Mellowood Medical Inc.,Mentor Health,MEP Solution,Mergen IT LLC,Metagalaxy Land,MI-C3 International Ltd,MicroAgility Services (Pvt) Ltd.,MicroDeft,Microsec,MIFX,Mind You Infotech Private Limited,MINDBANK GROUP,Mindbox Technologies,Mindgrap Technologies,MindGraph,MindHind,MindInventory,Mindtree Ltd,,Miratech,MISA SOFTWARE,Mission Consultancy Services Sdn. Bhd.,MMR Boutique,MNC Vision Networks,MNR Solutions Pvt. Ltd.,MNR Solutions Pvt. Ltd.,"Moback, Inc.",Mobile Programming LLC,MobileFirst Application,Mobiquity Inc.,Mohasagor It Solutions,MoMo (M_Service),MoneyFactory,Monkey Vietnam,Monkhood Living,Mooofarm,MOR Software,Motivity Labs,MOTS Recruit,MTI TECHNOLOGY,much. GmbH,Multiplier,Mushroom World Group,Must fintech,Mutual & Federal,My Tutor Source (MTS),MyOperator,MYTOYS GROUP,Nablasol,Nano Technologies,Nanosoft technologies,NASDAQ,Navasal Inc.,Nayyar Technologies Ltd,NCCPLUS Vietnam,Nelscape,NEO Pay,NeoLotex Business Solutions Private Limited,Neoma,NetPower AS,NetRoots Technologies LLC,NETSOL Technologies Inc,NetwareSolution,Neunetics,Neural Technologies,Newron,Nexle Corporation,Nexstair Technologies,NextGen Blockchain Technologies,NextStep Recruitment,NFCI- Hotel Management And Culinary Institute,NFQ Asia,Ngoar,Niagahoster - Web Hosting Unlimited Indonesia,Nimble,Nisum,Nityo Infotech,Nixsol India Pvt. Ltd.,NLB Services,,"NMX Global Software, Inc.",No Limit Creatives,NobleProg,NorthBay Solutions,NoStack,notchnco®,Notetech Software,"Novisync, Inc",Nowasys Ltd,Nrsen Trading,NTR India,Numzz Gaming Studio,Nurturing Futures (Pty) Ltd,NVG Technology,O360,"Oak Business Consultant
",Oak Street Technologies,Oasis Management Company,Octaware Technologies,Ojas Innovative Technologies Pvt Ltd,OLIS Info System,OM SOLUTIONZ PVT LTD,OnboardOps,One Degree North HR Services,One Mount,OneByte,Oneiro Solutions,OneSource Consulting Superior Staffing Solutions,Ongshak,OOOLAB,OOP Technologies,OpenCommerce Group,Optima Creative Solution,,OptimaGeeks,OptimHire,Opus Geeks,Orange Antelopes,Orange Logic,OranjeTech,Orbit360 Inc,Orbus International,Orcalo Holdings,Ordent,Orgware Construct Pvt. Ltd,Orion Innovation (formerly Tellence Technologies),OroPocket,Outstager,Owasoft Technologies (Pvt) Limited,"Oxydata Software Sdn Bhd
",P.S Global Group,Pacisys (Pty) Ltd.,Paditech,Padma Smart Technology,PAGO Analytics,PakiGurus,Pakistan TECH Recruiter,PakZon IT,PamTen Inc,Panther Quant,Parakeet Systems,Paralles,Parasoft Consultancy Services,Parcelmagic,parentheses,Pattem Digital Technologies,Pattern®,Pay Point India Network Pvt. Ltd,PayFast,PAZ Technologies,PediaGeek,PENA4 TECH SOLUTIONS INDIA PVT. LTD.,PennyCanny,PERFECTHIRE,Perfeth,periksa.id,Persistent Systems,PGI Data (Plantinumetrix Global Inovasi),,Phaedra Solutions Fulcrum,,Phonon Communications Pvt Ltd,Picktime,Pikky,Pinakin-Kantha,Pinewood DMS SA (Pty) Ltd,PIXELOTECH,Pixelpk Technologies,Pizza Hut Digital Ventures,Plant Cartridge Sdn Bhd,Pluton,PMTEK,POC Pharma,Polynomial.AI,PolyVista,Popul8IT,Portcast,,Positive Switch,PRAXIEN TECHNOLOGIES,Precision Technologies,"Prima Systems, LLC",Primedata,"Priority Crypto
",Pro Start Me Technology Private Limited,Proconnxt,Procyon Technostructure,Prodapt,Prodo,Prodt Consulting Services,Programmers.io,Programming Hero,,Prometeo Talent,PROTON EXPERT SYSTEMS AND SOLUTIONS,"Prudent Technologies and Consulting, Inc.",Psmorfia,PST Pune,PT Alpha Indo Soft,PT Arwana Citramulia Tbk,PT Bank Raya Indonesia Tbk.,PT Javan Cipta Solusi,PT Kreatifitas Sinergisme Teknoindo (KST),PT Midas Daya Teknologi,PT Oninyon Revolusi Kreatif Indonesia,PT Planet Selancar Mandiri (Planet Surf),PT Pro Sigmaka Mandiri.,PT Sarana Yukti Bandhana,PT United Tractors Tbk,PT Xsis Mitra Utama,PT. Entrepreneur Trust Digital,PT. GRIYA DEPO NUSANTARA,PT. Indonesia Global Solusindo (ISGS),PT. Praisindo Teknologi,PT. Prosa Solusi Cerdas,PT. Reeracoen Indonesia,PT. Rekruter Digital Indonesia,PTDEV-Construct X,Punch Group,PureLogics,Purple Unicorn,Pursue Today,Q-Solutions,Qara Markets,Qcentrio,qordata PK,QUA,Quadrant Systems Pty Ltd,Quales Consulting,Quess Corp Limited,Quess Staffing Solutions,Quest - Hire a Hero,Quest Global Technologies Ltd,QUICHUB Innovations,Quick Digital Official,r3 Consultant,Raaziq International PVT LTD,RackWare,Radiance Technologies,Radiant Logistics Inc.,Radioactive Technologies,RADISH CONSULTANTS,Radixweb,Rahn Consolidated (Pty) ltd,Raisonminds Solutions Pvt. Ltd.,Raketech,"rakumo Co., Ltd",Rawdata Technologies,RAYSTEEDS INFOTECH PRIVATE LIMITED,Razom Software,Razorpay,Ready2Jobs,Recruiter Here,,,Recur Club,Red Core Solutions,Red Panda Network - Global,ReDesyn,Redgreen,Redink Classroom,Reed & Willow Talent Advisory Group,ReformedTech,Remotebase,RENOVISION AUTOMATION SERVICES,"Response Informatics
","Reveille Technologies,Inc",Reverate Tech,RevivingCare,RevolveAI,"RevvLab

",Rewisdom AI,Reynold Infotek,Right Talent HR Services,Rikkeisoft,Rioconn Interactive Pvt. Ltd,Ripple VAs,Rishabh Software,RishiKirti Technologies Private Limited,Risk Edge Solutions,Rite Infotech,Robert Half,Robosoft Technologies,Rocket Hire,Rogpad Tech,ROGPAD TECHNOLOGIES PVT. LTD.,Router Architects,Royal Cyber Inc,,,S&P Global,S3 Innovate Pte,S16 Research Ventures,SAAB,SabiTech,Sacombank,SAI Digital,Saigon Technology,Saivra Technologies,Salsoft Technologies (Pvt) Ltd,Samiti Technology,Sapphire Software Solutions Inc,SARACA,Sarian Solutions Inc,Sarmaaya.pk,Sathya Sai Corporation,SavannahTech Ghana,sayge.ai,Sazim,ScaleneWorks People Solutions LLP,"Sceel.io GmbH
",Scopic Software,Scorpius Technology Pvt. Ltd,SCREATIVES SOFTWARE SERVICES PVT. LTD,Script Technology,ScrumLaunch,Seadev,Seaquid Technology India Pvt. Ltd.,Searce Inc,SECOOM,Secure Jobs,Seekex,Segertek,SeleX Motors,Sellde,Senarios,SenRa,Senspark,SentinelOne,Sequel Technologies,SG Fintech JSC,SGS Consulting,"Shadowing AI
",Shamim & Co Pepsi Cola Pvt. Ltd.,Shanti Infosoft LLP,Sharedpro,Shelby Management Solutions,Shift Ahead Technologies Pvt. Ltd.,SHIFT ASIA,Shipgig Ventures Private Limited,Shiro Technologies LLC,Shiv Technolabs Pvt Ltd,ShopBack,SHORTCAST,Siddh RecruiTech,Sight Spectrum,Sigma HR Solutions,SigmaT Consultancy Pvt Ltd,Signitives,SilentSol,Silicon Stack Pty Ltd,Silicon Technologies,SiliconNexus,Silver Touch Technologies Ltd,SIMBYM,SimpliFi,Sioux High Tech Software Vietnam,SIRUS INFOTECH PRIVATE LIMITED,SixBerries Ltd,SJ Mobilita,"SkillGigs, Inc",SkillGigs.com,SKY HR Solutions,Skylark Soft Limited [SLS],SkyOnn Technologies,Sloovi,Smart Ship Hub,smartData Enterprises Inc.,SmartOSC,SMI - Sri Mookambika Infotechs,Smovtek,Smplfy. Software development studio,SNic Solutions,SNS INSIDER,SoBanHang,"SoftAppsio
",softcaliber,Softcom Systems Inc,Softobiz Technologies Private Limited,SOFTOO,SoftTech-IT Limited,Sokrio Technologies Limited,,Solace Infotech Private Limited,SolFreaks,SolGenie,SOLO,SoluLab,Solution,Sort String Solutions LLP,SourceSage,SourceTal,SourceTal Hiretech,Space-O Technologies,Spacetoon,Spadasoft,SPECTRO SYSTEMS,Speridian Technologies,Spring Rain Pvt Ltd,SrinSoft Technologies,SSA Group,SSI Securities Corporation,StackNexus Inc.,Star,Startofactory,startup oi,Stax3,STAYWAY HOMES PVT LTD,STEM Wizards academia,Stewart Pakistan Private Limited,Storm2,Strats360 Technolabs LLP,Stringee JSC,Success Booster,Sunartha,Sunday Labs,Supercoder,Surge Global,Surusha Technology Pvt Ltd,Suyojett.com,SV International Ltd,Svastir,SWA Softech Pvt Ltd,SWEKEN IT SOLUTIONS,Swift Strategic Solutions Inc,Syaaraat,SyManSys Technologies India Pvt Ltd,Synapse LLC,,Synotive Technologies,Sysnet Global Tech,System Arabia,System Plus,Systems Limited,Tachyon Technologies,TAG Group,Tagaddod,TAHCHE,TalentLoft Consulting,TalentPret,TalentXO,Tamcherry - Zaportiv,Tangentia,TAP TAP,Tarangan Solutions,Target,TaskHuman,Tata Consultancy Services,TBO Consulting Group,TCP Software,TDB.ai,TDT Asia,Tech Dots,Tech Mahindra,Tech Nation - Mobile App Development,TechAByte Solutions,Techception,TechCrow,TechCurators,TechExtensor,,Techfinery,Techfully,TechGenies,TechKnowledge GT LLC,TechMantra Global,Technicolor,Techno Ways,TechnoDysis,"TechnoGen, Inc.",Technology Brainz HR Consulting,TechnoMile India,Technupur,Techonza Technology,Techtics,TechTiera Corporation,Techtory,TechTriad,Techwaukee,Techwin Labs LLP,Techzu,Teckborn Technologies Pvt Ltd,TecQubes Technologies,Tekmedi Careers,TekMist,Tekniko Global Private Limited,Teknohub Solutions Management Limited,Teko Việt Nam,Tekpillar,Tekskills Inc.,Tekwissen,TELEAUS®,Tenpoint7,TensorGo Technologies,TensorIoT India,Teraception,Terafort,TERP,Terralogiq,Testlify,Tetralogicx (Pvt) Ltd,Texknoter,Texon Limited,Tezza Business Solutions Ltd,tFare,The Boiler Room Productions,The Digital Group Inc,The Fabricant,THE HR BIC LTD - THE HUMAN RESOURCE BUSINESS INVESMENT CENTRE LTD,The HumanBots,The Oak holdings,The Orange Group,The Pathweavers LLP,The Small Data Store,The Tann Mann Gaadi,The Tech Library LLC,Theorial Medical,Think Evolve Consultancy LLP,Think Graphics,ThirtyNorth Dev,Thoughtworks,Tier5 Technology Solutions Pvt Ltd,TIGI HR,Time Doctor,Timesworld,Tinhvan Software JSC,Titan Technology Corporation,TMR Consulting Private Limited,Tocaan,Top Talent Hunt,Topica Edtech Group,Torc,Tork Inc.,Touchcore Systems Private Limited,Touchpoints Technology,,Trainlance,Transcosmos Indonesia (Official),Trantor,Tresmark,Triaxo Solutions,Tribee,TriCloud Technologies,TriggrsWeb Solutions,Trikon,TruevoPay,truID,Trusoft Limited,Turaco,TurningCloud Solutions Private Limited,Tutopiya,TutorBin,TutorComp,"TWI India Pvt Ltd
",TWS,"Tyfone, Inc.",Tyme,Ubitec,Udhaar Book,Ultimate Buildmart Official,Ultrafly Solutions Private Limited,UnicoTalent,UniFarm,Uniion,Unikrew Solutions (Private) Limited,Unimity Solutions Private Limited,Uniplaces,Unique Consulting Firm,UNIT Corp,Uplers,Upwork,utobo inc.,UtoR Solution,UWorld,V HR Designers Consulting (OPC) Pvt. Ltd,"V2STech Solutions Pvt Ltd
",Value Innovation Labs,ValueLabs,VAYUZ Technologies,VAYUZ Technologies,VCCorp,VEGA Intellisoft Pvt Ltd,Velox Networks Pte Ltd,Venturas Ltd,VentureDive,Verbo,Versatile PreMedia Services,Vertisystem,VerveNest Technologies Pvt Ltd,Vested Finance,viAct,Vibhathi Labs,Vietcetera Media,Vietnamobile,Vion-Consulting,VIRTUAL DATA CENTER INDONESIA (VDCI),Virtual Internships,Virtue Consulting Partners,Visaero,VIZION,VLaunchU,VMO Group,VNEXT HOLDINGS,VNG,VOIZ | voizworks.com,Voxforem Technologies,VoyceMe,Vrinsoft Technology Pvt. Ltd,Vserv Infosystems Private limited,Vstek Solutions,VTI,VVnT SeQuor,VWorker Solutions India Pvt Ltd.,ᴠᴡᴏʀᴋᴇʀ ꜱᴏʟᴜᴛɪᴏɴꜱ ɪɴᴅɪᴀ ᴘᴠᴛ. ʟᴛᴅ.,W3S Cloud Technology,WalkingTree Technologies,Wasla Browser,WaveLabs Technologies,WaveOc,Weblinx Solution,Websoft IOT,Webvillee Technology Pvt Ltd,WebWrite Inc,Weekend Story (WS),WeEnggs Technology,WEmng,WEN- Women Entrepreneur Network,Westlisoft Technologies,WhiteKolar Resourcing and Staffing,Whydonate,Whydonate: Crowdfunding & Fundraising Platform,William Hill,Wingsoft Consulting,WINVEST TECHNOLOGY CONSULTANCY SERVICES Pvt. Ltd.,Wish-it,Wits Innovation Lab,Wizard Software & Technology Bangladesh Ltd.,WonderBotz,Worksarc,Workspacify,WPWhales,Wroots Global Private Limited,X.LA,Xavor Corporation,Xelpmoc Design and Tech Limited,XIHI Technology Private Limited,XiliX,Xiteb (Pvt) Ltd,XITIJ INFOTECH,XLNC TECHNOLOGIES,XpressBee,XRM Labs,"Xurpas, Inc.",Xynotech,Y8hr Staffing Solutions,Yarrow Co. Ltd.,Yellow Class,YellowCollar,Yezza (YC W22),Yknot Blockchain Solutions,Yodo1 Games,Your Trip Mate Ltd.,Youverify,YTeams Pvt Ltd.,Yudiz Solutions,Yugasa Software Labs,YunoJuno,Zaag Systems Ltd.,,,Zabai,Zameen.com,Zaptas Technologies Pvt Ltd,ZEAPP360,ZebiHR,ZebPay,Zeekpro,Zeeve,ZEKAB Group,Zenduty,Zenrooms,Zensar Technologies,Zentek Infosoft,"Zeta Corp
",ZettaMine Labs Pvt. Ltd.,Zimyo,"Zones, LLC",Zoxima Solution,Zyoin,ZYRO,"
AVEON Infotech Pvt. Ltd.
","
Cyber Nest ","
O2F INFO SOLUTIONS PRIVATE LIMITED
","
Orbit Jobs
","
SDG Group",EZEU (OPC) INDIA PVT LIMITED,The Collective,4Sale,aamra companies,Abacus Consulting,ABeam Consulting,Accord Innovations,Accurate Indonesia,Affine,Afterpay,Agility Holdings,AgryllScott,Airpaz.com,Akar Inti Enterprise,Akidev Corporation,AKSA-SDS,Akshaya Business IT Solutions,ALDI,Alexandria Business Association (SME Project),AlgoBlocks,AlgoLeap Technologies Private Limited,AliTech Solutions,ALL-in Eduspace,AllZone Technologies,AlphaSquad,"AMFCO International
",Amiga Informatics,AMIT Learning,Ampstek,Andal Software,Anglerfox,Apexon,Aplikasi Super (YC W18),Appetiser Apps,Appiskey,"Applied Solar Technologies India P Limited
",APSIS,"Arcana Info

",Arcstone,Arrant Services,Artison,Aruna,Aslase,ASSET,Astera Software,Astute Solutions,Atyeti Inc,AuthBridge,Automation Solutionz,"B-cause Bangladesh., Ltd.",Ban Vien Corporation,Ban Vien Corporation,BBI,BDO IT Consulting,Be My Competence AB,Benefits will be discussed upon the interview,BerryBytes,betPawa,Binus Group,Bitrupt,BJIT,BluBird Interactive Ltd.,Blue Window,Bookme.pk,Bosch Global Software Technologies Vietnam,Broom.id,ByteSole IT Solutions,Calrom,Candela Digital,Capgemini Engineering,Career Wonders,CARS24,Catena Media,Cedrus Group (Pvt) Ltd.,Celerates,Celsior Technologies,Centegy Technologies,Central Motor Wheel Indonesia,Centric,Cepheid,CIEL HR,Cinnova Technologies,CitrusBits,Climate,Cloud Mile Inc.,Cloud Primero B.V,Cloud9devs - Engineering firepower you need.,Cloudare Technologies,CMC Global Company Limited.,CodeAutomation.ai,CodeCue Solutions SMC PVT LTD,Codevative,Codevative,"CodingCops
",Coeus Solutions,Colan Infotech Private Limited,Collabera Philippines,Colony Textile Mills Limited,Commonwealth Bank,Communicate Recruitment,computan,Con Cung Corporation,Concentrix,Conga,Contlo,"Contour Software
","Cooperative Computing 
",Coptic Orphans,CornerTree,Corp Placements,Creative Distrix,CrecenTech Systems Private Limited,crocodic,Cybus Solutions Ltd,CYS Global Remit Pte Ltd,Dabster - Recruitment-as-a-service,Dastgyr,DataBees,Dean Infotech,Deltacubes,Deputy,Design Indya Advertising Pvt. Ltd.,Developers Hub (Pvt.) Ltd,developrec,Devplusops LLC,Devsinc,dibimbing.id,DigiSource,Digital Auxilius,Digital Innovation (Pvt.) Ltd.,Digiterra,Digiterra,DinCloud,DKATALIS,Dlux Soft,dotSource GmbH,Draup,DSSI,Durianpay,e-Hireo,Easy Work,Egybell,Ehealth Africa,EKRUT,Ektos,El-Araby Group,ElfOnze Technologies,Elite Corporate Solutions Private Limited,"EMPLOYMENT VIETNAM
",En Route Technologies LLC,En Router Technologies LLC,Enigma Camp,Entelect,Envision Software SMC (PVT) Ltd,ePlanet Communications Inc,Eroute Technologies Private Limited,Estrada International Staffing Solutions,eTeam,EUROSOFT TECH LIMITED,Evolligence Pvt. Ltd.,Excel IT AI,Falcon Tech Solutions,Falcon Tech Solutions,Finz Games,First Connect Solutions,First Line Software,Flyhomes,Folio3 Software,Forward Eye Technologies,Frontier,Frontier Markets,Fulcrum Pvt. Limited,Funadiq.com,Funavry Technologies,FutureNow Technologies,FutureSoft (INDIA) Private Limited,FUTURISTIC Jobs,G2Academy,Galaxy FinX,"GCS Pvt. Limited
",Geekster,Gene Solutions,Genesys Lab Rns Solution,Genex Infosys Limited,GEOGO Techsolutions,GKMIT Pvt Ltd,"Global Technologies GT
",Globhunter,GoodCore Software Limited,Graas,Green Academy  Vietnam,Group Avows,Groupo Nor Consulting,grow.inc,HarTet Technologies Limited,HarTet Technologies Limited,Hawk Measurement Systems,HBOX Digital,Hexad GmbH,"HiQo Solutions, Inc.",Hire Train Retain,HNR Tech,HOKYO,Holistics Data,HP Financials,HR BIZ HUB,HR Mind,HR Ways - Hiring Tech Talent,HYRED,IBE Reality,"IDC Technologies, Inc.",IDE ASIA,Idealake Information Technology Pvt. Ltd.,IDWise,Infor,Ingenosya,Innovadel Technologies Limited,Innovantz,Innovatech Solutions,Innovatily,Innovatily,Innovation Incubator Advisory,Innovatz Solutions,Innowi Inc.,Integriti,Intellect Design Arena Ltd,Intellects-HR,Intellexal Solutions Private Limited,INTELLIER LIMITED,Intelligenes,Intellinum Solutions,Intrepid Group Asia,Inxite Out,IPTP Networks,Islamabad Recruitment Company,Islamabad Recruitment Company,ISS | Institutional Shareholder Services,ISS A/S,IT Consultis,IT Ridge Technologies,ITEX Partners,ITSec Pvt Ltd,Jaffer Business Systems,Jatis Mobile,"Jatis Mobile, PT. Informasi Teknologi Indonesia
",Jeeny,JGI Consulting,JobHopin,Jobline Consultants India Pvt. Ltd.,JOLA MITRA UTAMA,JR_Xgrid,Jupiter,Juragan Material,Kellton,Kennect Inc.,KNOREX,KoinX,Komerce,KPSG Official,Krazy Mantra Group of Companies,"Kuelap, Inc.",Kuoni Tumlare,Kutumb,"LanceSoft, Inc.",LDS Engineers Private Limited,Link3 Technologies Limited,Liquid Technologies,Live Your Best Life,LIVEN Technology PTE. LTD,LLC,LMKR,LMKR,LN Technologies,LocalizeDirect,Lockstep,Logic Worms,Lumentum,LyRise,M3 Technologies Pakistan (Private) Limited,Mageplaza,MainGames Official,Marathon Education (YC W22),Marham,Matech Consulting & Outsourcing,MatrixTribe Technologies Inc,Merik Solutions,Merkle Innovation,Meta Data Solutions,Metafic,MhyMatch Headhunters,Michael Page,Microvista Technologies Pvt Ltd.,Mideast Communication Systems-MCS,MILKOR,Milvik Bima Pakistan,MIM Finance Company Limited,mimAR,MindX Jobs,Misr Technology Services,Mixmax,ML Sense Solutions,MNC Media,MobileCom,Moldech,MOURI Tech,mPower Social Enterprises Ltd.,MSBU - Tech Staffing & Recruiting,MTI Technology,MultiPower International-MPI,Musala Soft,"MuzeData , LLC",Myskill.id,Nagarro,Napollo Group,Naxum Online Marketing Services,NEC Vietnam,Net Solutions,NetAnalytiks,Netcompany,NetConnectGlobal,Netpower AS,NetTech,Network Recruitment,Newforce Global Services Ltd,NexSemi Systems Pvt Ltd,Nexwave Technologies,Nickelfox Technologies,NoLimit Indonesia,Nomura Research Institute Indonesia,NORRIQ BENELUX,Numerator,Nuport,Obiz Pakistan,OCloud Solutions,Okoone,Olive Green Consulting,One Acre Fund,One Direction Companies Limited,Ontik Technology,Optemas Tech,OptimHire,Orangebits,Ordercall,Pacific Paint Indonesia,Padepokan Tujuh Sembilan,Pakistan TECH Recruiter,Paradox,PARTOjambe.com,PAZ Technologies,Pentabay,Pitik,Pixelpk Technologies,Pointer Property,Positron Multiverse,Prakasa Triputra Solusi,Praxien Tech Pvt Ltd,Premier FMCG (Pty) Ltd,"Prime Human Resource Services (Pvt) Ltd
",Primus Software Corporation,Profolio,Pruvity Group,PT 360 Teknologi Indonesia,PT Atmatech Global Informatika,PT Danamas Insan Kreasi Andalan (DIKA),PT Deptech Digital Indonesia,PT Dutagriya Sarana,PT Esensi Solusi Buana (ESB),PT FAN INTEGRASI TEKNOLOGI,PT Mega Akses Persada (FiberStar),PT Rapid Teknologi Indonesia,PT SARANA ENERGI INVESTAMA,PT Sarana Solusindo Informatika,PT Sinergy Informasi Pratama,PT Sterling Tulus Cemerlang - SAP Gold Partner - IREAPPOS - UiPath Partner,PT VADS Indonesia,PT. Istidata Indopacific Solution Centre,PT. Jaring Synergi Mandiri,PT. MITRA PACK,PT. Reeracoen Indonesia,PT. Shan Informasi Sistem (SISCOM),PT. TEMAS Tbk,PT.Visionet Data Internasional,Publicis Re:Sources,PureLogics,Pythru,Qerja,QMH TECH,Quality Feeds Limited,Quecko inc.,Quess Corp Limited,Qwords Cloud Web Hosting Indonesia,RADISH CONSULTANTS,Rapid Sillicon,Rayn,RChilli Inc.,Reactive space,RedBlink,Renova Cloud,Reporteq,REVE Systems,Rigel Networks,RightSolution.net,RightSolution.net,Robotic Assistance Devices,Rolustech,Rolustech,Rrayze Business Solutions,Runninghill,S3 Innovate Pte. Ltd,SAB Group Indonesia,"Sahaware Indonesia
",SAI Digital,SALT,Samiti Technology,Sapio Analytics,Saras Analytics,Savvycom - Software Product Development,Scleraworx Inc.,Scopic Software,SCREATIVES SOFTWARE SERVICES PVT. LTD,Semrush,SEO Expate Bangladesh Ltd.,Sequel Technologies,"SG ITS Co., Ltd
",Shinta VR,SHINTA VR,SIA Technology,SimCorp,Simplify3x Software Private Limited,"SINA Health, Education & Welfare Trust",Sirin Software,SJ Innovation LLC,Skill Quotient,Skyshi Digital Indonesia,Sloovi,Smart Moves Lab,SmartCloud IT Consulting Services,smartData Enterprises Inc.,SmartSoC Solutions Pvt Ltd,SMSAMI Inc,SNS INSIDER,Soft Alliance,SOFTHRU,Software Business Solutions Consulting (SBSC),Solar Informatics,Solaris Offgrid,Soliton Technologies,"Solunus, Inc.",Soluvas,Solve Education!,Sonali Life Insurance Company Ltd,SpanIdea Systems,Specbee,Speridian Technology,Stack-Up Solutions,Star Knowledge,STG Systems,Styre Technologies,Suitmedia Digital Agency,Sundarban Courier Service (Pvt) Ltd,"supersourcing
",SwipBox,SYDEV,Synodus,SysTechCorp Inc,Systems Egypt,Talent Centric,Talent Corner HR Services Pvt Ltd,TalentGig Edutech Services Private Limited,TalPods,Tanbits,Team Geek Solutions,Team Management Services (TMS),TechBridge Market,TechFabric,Techlogix,Technocruitx Universal Services Pvt. Ltd.,Technogetic Pvt. Ltd.,Technosoft Solutions,Techolution,Teknoloje Solutions,TensorGo Technologies,"TERACOM., JSC",Terralogic,TGS The Global Skills,The Game Storm Studios (Pvt.) Ltd.,The Location Lab (Pvt.) Ltd.,The Red IT,think tank Business Solutions Tunisia,Tikweb Bangladesh,TILTLABS,TIX ID,Toku,TractionApps,Trempplin,Troon Technologies,True Platform,Truelancer.com,Trustmedis,Turing,TX Dynamics,Tyme Vietnam,UMENIT SOLUTIONS,Unicode Systems,Unictive,Unikrew Solutions,Unit4,Unwrote,Up Market Research (UMR),Upgenics International,Value Research,VCCorp Corporation,VDart,Vehiclevo GmbH,Vertex Group,Vertisystem,"Vestiaire Collective
",VFI SLK,vidEre Soft,Viettel Big Data Analytics Center,Vina Group,"VinAudit.com, Inc.",Visi Intech,Vocally,VOX,voxbay,Vy Systems,VySystems,WADIC,We Track Ads,WebAppick,WebCreek,WebMobril Staffing Solutions,Webner,weDevs,White Space,Willware Technologies,WM Reply Minsk,WORKPORT GLOBAL PARTNERS,Xcentric Services,Xpert Digital,Xynotech,Yodo1 Games,Zaapi,Zeekpro Consulting,Zigsaw,Zones IT Solutions,Zones IT Solutions,"Zones, LLC"